review_id,author,rating,date,text
13540876595,Zaina Mohamed,5,2025-12-21T18:58:17-07:00,The variety and ease of finding coaches for mostly any sort of training is unmatched. I can make a booking in like less than 30 seconds.
12770520079,KM_11,4,2025-06-13T11:46:33-07:00,Works well
12760321495,mangostrawberry1,5,2025-06-10T19:21:48-07:00,Amazing app!
12740754170,jelly1234567&&,5,2025-06-05T17:53:36-07:00,Good
12739945639,Ivana cinova,5,2025-06-05T12:30:26-07:00,Amazing the things you can do -ivana Cinova
12739806839,mariananamna,4,2025-06-05T11:42:07-07:00,would recommend
12729469296,ivkobilly,3,2025-06-02T19:01:59-07:00,Good app with lots of great features
12727727420,mahaEl221,5,2025-06-02T08:25:12-07:00,"This app is great, and the trainers are the real deal definitely would recommend. Maha El"
12727697701,sjsha sis,5,2025-06-02T08:16:23-07:00,Recommend this to everyone check it out
12727538206,rsbdjejdddn,5,2025-06-02T07:29:14-07:00,This is the new wave. Need more people to hear about group fit.
12725898825,JustinW1ll1ams,5,2025-06-01T20:48:27-07:00,Amazing App. Very user friendly and very helpful with sports training.
12723976307,Im7180,5,2025-06-01T08:59:19-07:00,This app is a game changer and the trainers are solid.
12721326088,Pgffg7,5,2025-05-31T16:53:17-07:00,I am so satisfied with my experience with the best of trainers
12717501242,MahinAr16,5,2025-05-30T17:53:48-07:00,"Simple app, helps me with my fitness journey, recommend to everyone"
12715524580,Jai5477,5,2025-05-30T06:38:53-07:00,App is goated
12715494902,Laith532,5,2025-05-30T06:30:18-07:00,I can’t wait to book more sessions as it’s such a great way to spend time
12715437275,jay9tt,5,2025-05-30T06:13:35-07:00,trainers know that their doing fs
12715427276,Connor B 45,5,2025-05-30T06:10:38-07:00,This is a game changing app.
12715416363,JA643,5,2025-05-30T06:07:25-07:00,love how the trainers are easy to reach
12715354489,Harry Muliyil,5,2025-05-30T05:49:01-07:00,This app is incredible. I've gotten to experience 1 on 1 time with a few different trainers and they've all been amazing and really helped me reach my goals.
12715178530,Majfhdb,5,2025-05-30T04:54:14-07:00,Love the variety of different sports to train
12712405638,Aizah4687,5,2025-05-29T10:15:41-07:00,This app helped me so much with the perfect trainer
12712374181,Chesan1243,5,2025-05-29T10:05:39-07:00,The activities are so unique
12712165931,TGCyber10,5,2025-05-29T09:01:19-07:00,Love the variety can’t wait to use it more
12712148619,Emily352,5,2025-05-29T08:56:06-07:00,This app is so smooth and easy to use!! 10/10 would recommend to parents and students. Good for all ages!!
12712046286,Audrey473,5,2025-05-29T08:25:24-07:00,The trainers are amazing
12709854193,Emanoo55,5,2025-05-28T18:34:59-07:00,Love the app
12709705891,Too many adds 1,5,2025-05-28T17:34:18-07:00,"I love using Group Fit! It’s so easy to find great personal trainers near me, and I like that I can book sessions that  fit my schedule. The trainers are professional, friendly, and really know what they’re doing. It’s also great that I can train in different places, like at home or the park. Highly recommend this app if you want a more personal and flexible way to work out!"
12709687001,Kari353,5,2025-05-28T17:26:35-07:00,Easy to use great to get into the gym.
12709674126,mgamer.101,5,2025-05-28T17:21:21-07:00,10/10 recommend
12709661996,robert2070,5,2025-05-28T17:16:28-07:00,app runs smooth no bugs it’s pretty good
12709522175,DuraizT,5,2025-05-28T16:20:26-07:00,Good app
12700807873,Mickey84tt,5,2025-05-26T09:09:20-07:00,"Great setup, good workouts."
12700790367,Viksaathvik,5,2025-05-26T09:04:35-07:00,Helped me with my fitness journey
12700712811,Zain pakisyani boy,5,2025-05-26T08:42:04-07:00,"This app is the best choice for active people, organizing their workout schedule, and their types of workouts. I recommend this app to anyone because it works the best."
12693266268,dyrkwinder,5,2025-05-24T09:49:40-07:00,"I’ve been using this fitness app for a few weeks now, and it’s been a game-changer. The workout plans are easy to follow, and there’s something for every fitness level. I especially like the progress tracking and daily reminders, they keep me motivated. The interface is clean and user-friendly. Highly recommend for anyone looking to stay active and consistent"
12690418974,Smokymountain9,5,2025-05-23T16:57:26-07:00,"Group Fit has been a game-changer for my fitness routine. The app makes it easy to find workout classes, connect with others, and stay motivated. The scheduling features are seamless, and the variety of workouts keeps things fresh. Whether you're looking for a solo challenge or group accountability, this app has something for everyone!"
12689216671,Bella Boicca,5,2025-05-23T09:44:28-07:00,The creator of this app is a genius. This app helped me and my friend maya soo much.😛
12689213538,20pounds lighter,5,2025-05-23T09:43:30-07:00,Damn so amazed that this app exists it is great love the trainers and thanks to this I lost a 10 pounds already
12689211663,gravemindset,5,2025-05-23T09:42:55-07:00,I found a trainer so easily and the app is so easy to use.
12689153839,Bshehrebdur,5,2025-05-23T09:25:34-07:00,Great app for fitness!
12685603015,Scott6989,5,2025-05-22T11:13:40-07:00,Helped me excel in soccer so much
12685556253,Miss peak chipotle,5,2025-05-22T10:57:53-07:00,Easy to use and the trainers are amazing
12684925652,JRLLENA,5,2025-05-22T07:42:22-07:00,Super easy to access
12684802479,PakariL,5,2025-05-22T07:06:32-07:00,"I lost 40 pounds since I started this app, I’m glad that personal trainers are finally accessible."
12684716179,Phonemmm,5,2025-05-22T06:41:06-07:00,Would recommend for people trying to work out
12682935233,Lebron James🐐,5,2025-05-21T18:22:14-07:00,Great app been using for awhile now
12682821147,lozicc07,5,2025-05-21T17:34:40-07:00,"Very easy to use, quick sign up, and very useful. Overall great app."
12682603157,Huzaifah213,5,2025-05-21T16:02:54-07:00,If you’re not using it you’re missing out because it saved my life.
12681971506,Angelo2100,5,2025-05-21T11:57:31-07:00,Helps achieve your fitness goals and has everything you need.
12681548810,pioipoip,5,2025-05-21T09:35:36-07:00,Very good app
12681484354,Pritesh2647,5,2025-05-21T09:15:22-07:00,This app changed my unhealthy lifestyle and I became a new person.
12681305936,Rafehhh,5,2025-05-21T08:21:28-07:00,"app’s easy to use, for both beginners and pros this app is perfect!"
12681289535,Weijie223,5,2025-05-21T08:16:33-07:00,"Good job on this app man, pretty good really useful"
12679324623,trapizoids,5,2025-05-20T19:29:43-07:00,"This app is a total game-changer! GroupFit connected me with an amazing personal trainer who totally understood my goals and pushed me to stay motivated 💥. The interface is super clean and easy to use 📱, and I love how I can schedule sessions, track my progress, and even join group workouts 🧘‍♂️🏋️‍♀️.  The trainers are professional, friendly, and really know their stuff 🙌. Whether you’re a beginner or a fitness pro, this app has something for everyone.  Highly recommend to anyone looking to level up their fitness journey! 💯💥 #FitnessGoals #GroupFit 💙"
12679320559,Jakelano,5,2025-05-20T19:27:56-07:00,The trainers are verh professional liv and friendly. There are so many activities to choose from.
12679275458,floofy cookie Gacha :3,5,2025-05-20T19:09:06-07:00,The app is great incredible sports and activities definitely a worthwhile app.
12679245958,Murr lak,5,2025-05-20T18:56:53-07:00,App is very smooth and very friendly trainers
12679105138,Toseef 1,5,2025-05-20T17:59:18-07:00,I would recommend it   By Toseef Raza
12678619343,donkhi,5,2025-05-20T14:36:38-07:00,the app is very easy to use and the trainers are very easy going.. a must have!!  -sarah
12673532282,VanUrban,5,2025-05-19T06:14:20-07:00,Perfect app for training
12670644295,Ishpreetttt,5,2025-05-18T09:53:14-07:00,Had no trouble and it was pretty straightforward and helpful
12662998707,k.u.24,5,2025-05-16T09:37:22-07:00,"Super easy to use, and very helpful"
12662575666,kahdhus,5,2025-05-16T07:27:03-07:00,wow i’m a pro now
12658658358,Gabe Bairos,5,2025-05-15T06:00:27-07:00,"At first, this app just looked like any other fitness app you'd come across. Little did I know how much power would be held into this app. I went from being 5'3 and 330lbs to being 6'4 and 200lbs. If this isn't a cry to get you to download this app then I dont know what is. If you don't feel good with your body then there is no better app to go to than this one! Download it and start the journey already!!!"
12656937236,Kiran2323,5,2025-05-14T17:30:12-07:00,Good app. Love to use
12656671577,Zaryan Anwar,5,2025-05-14T15:34:16-07:00,Amazing app very useful and I use it daily.
12655447112,cjrbx,5,2025-05-14T08:06:50-07:00,Great for the gym easy too use super helpful
12653262807,Jud Z,5,2025-05-13T16:56:19-07:00,Love this app! It’s super helpful
12616406031,QurayshM,5,2025-05-03T16:36:51-07:00,"Group Fit is exactly what I’ve been looking for! I’ve been wanting to level up my swimming and badminton skills for so long, and now I finally can — all thanks to this amazing app!  From the moment I downloaded it, I was impressed by how smooth everything was — from browsing different activities and trainers to booking sessions. No more stressing about where to find a coach or how to schedule a session. It’s all right there, just a few taps away.  If you're looking to pick up a new activity or improve at something you already love, this app makes it fun, simple, and actually exciting. Can’t recommend it enough!"
12569632429,HuzMohd,5,2025-04-21T08:20:39-07:00,I wanted to coach myself for boxing but always had an issue finding the right person with a convenient time slot with Groupfit I can book at my leisure at any venue of my choice. Infact I even have the option to do it with some of my friends and split the tab!!!! This is great. Best of luck.
